dataset,rep_time
auslan2,0.1486279964447021
blocks,0.0748333930969238
context,1.148921251296997
hepatitis,3.426389455795288
musekey,62.88802456855774
pioneer,0.5774493217468262
skating,1.4980237483978271
weather,2.17521333694458
